<!DOCTYPE suite SYSTEM "http://testng.org/testng-1.0.dtd" >


<suite name="Evolve" allow-return-values="true">

	<test name="Elsevier-Automation" preserve-order="true">
		<classes>
			<class name="com.cigniti.automation.Test.EcommercePackageCreation1_Script" />
	  		<class name="com.cigniti.automation.Test.AccessCodePackageCreation_Script" />
		    <class name="com.cigniti.automation.Test.AccessCodePackageEditing_Script" />			    	    					    		    
		    <class name="com.cigniti.automation.Test.AccessCodePackageUnassignedAccessCreation_Script" />   
		    <class name="com.cigniti.automation.Test.AccessCodePKGRedemption_Script" />	
		    <class name="com.cigniti.automation.Test.UnassignedAccessCodesUpload_Script" />
		    <class name="com.cigniti.automation.Test.EcommercePKGCrossPromotionInclusions4_Script" />
		    <class name="com.cigniti.automation.Test.Instructor_loginAfterAddition_Script" />
		    <class name="com.cigniti.automation.Test.Instructor_ViewStudentLogIn_Script" />
		    <class name="com.cigniti.automation.Test.StudentLogIn_Neg_Script" />
		    <class name="com.cigniti.automation.Test.AccessCodePackageSearching_Script" />
			<class name="com.cigniti.automation.Test.Admin_Search_Fullfilled_Script" />
			<class name="com.cigniti.automation.Test.Evolve_StudentLogin_Script" />
			<class name="com.cigniti.automation.Test.LO_Global_Instructor_AR_script" />
		   	</classes>
	</test>
</suite>




